h,e,l,l,o
h,u,l,l,o
h,i
h,o,w,d,y
h,o,w,-,d,o,-,y,o,u,-,d,o
u,n,i,v,e,r,s,e
e,x,i,s,t,e,n,c,e
c,r,e,a,t,i,o,n
w,o,r,l,d
c,o,s,m,o,s
m,a,c,r,o,c,o,s,m
d,o,m,a,i,n
r,e,a,l,i,t,y
E,a,r,t,h
e,a,r,t,h
g,l,o,b,e
p,o,p,u,l,a,c,e
p,u,b,l,i,c
w,o,r,l,d,l,y,_,c,o,n,c,e,r,n
e,a,r,t,h,l,y,_,c,o,n,c,e,r,n
h,u,m,a,n,_,r,a,c,e
h,u,m,a,n,i,t,y
h,u,m,a,n,k,i,n,d
h,u,m,a,n,_,b,e,i,n,g,s
h,u,m,a,n,s
m,a,n,k,i,n,d
m,a,n
g,l,o,b,a,l
p,l,a,n,e,t,a,r,y
w,o,r,l,d,w,i,d,e
w,o,r,l,d,-,w,i,d,e
